{"scaler_mean": [5.01325, 5.06025, 5.00875, 4.95575, 12.485070000000007, 0.492], "scaler_scale": [3.1358530637611124, 3.171848031905076, 3.1263674508125217, 3.206601306289877, 4.2971488448854025, 0.4999359959034822], "label_classes": ["Cultural", "Historical", "Nature", "Religious"], "feature_columns": ["beach_clicks", "historical_clicks", "cultural_clicks", "religious_clicks", "avg_view_time", "language_encoded"]}